Athlete_ID,Sport_Type,Training_Hours,Training_Intensity,Sleep_Hours,Nutrition_Score,Fatigue_Level,Recovery_Index,Performance_Score,Injury_Risk,Date
A0001,Badminton,4.49,2,5.0,78,9,93,68,High,2025-01-01
A0002,Athletics,3.68,6,5.2,68,9,52,94,Low,2025-01-02
A0003,Cricket,2.55,5,7.4,68,7,88,93,Medium,2025-01-03
A0004,Badminton,5.07,10,8.6,51,10,76,56,Low,2025-01-04
A0005,Tennis,4.42,9,6.0,90,3,82,93,Low,2025-01-05
A0006,Hockey,1.81,5,6.9,94,5,78,53,High,2025-01-06
A0007,Cricket,5.55,2,6.8,64,4,100,83,Low,2025-01-07
A0008,Cricket,5.11,5,6.9,52,7,81,51,Low,2025-01-08
A0009,Badminton,5.75,4,7.5,60,9,56,54,Low,2025-01-09
A0010,Basketball,4.63,7,6.9,95,2,54,59,Low,2025-01-10
A0011,Tennis,4.07,6,6.8,79,8,57,81,Low,2025-01-11
A0012,Badminton,3.09,2,6.9,89,9,62,91,Medium,2025-01-12
A0013,Tennis,5.66,5,7.4,67,10,93,90,High,2025-01-13
A0014,Tennis,5.33,7,7.1,100,10,90,62,High,2025-01-14
A0015,Hockey,1.23,7,8.4,97,9,69,88,Low,2025-01-15
A0016,Cricket,1.13,5,5.2,51,10,97,54,Low,2025-01-16
A0017,Athletics,2.88,9,8.3,81,7,73,59,Low,2025-01-17
A0018,Hockey,5.05,4,8.4,57,9,97,59,Medium,2025-01-18
A0019,Hockey,5.94,3,6.1,71,9,43,87,Low,2025-01-19
A0020,Tennis,1.75,4,6.9,55,3,42,76,Low,2025-01-20
A0021,Swimming,3.97,5,6.8,61,4,46,100,Medium,2025-01-21
A0022,Cricket,2.9,6,5.9,96,2,95,70,Low,2025-01-22
A0023,Basketball,5.85,3,6.6,89,10,57,57,Low,2025-01-23
A0024,Hockey,5.21,2,5.2,85,3,81,50,High,2025-01-24
A0025,Athletics,5.19,4,6.1,64,5,46,77,High,2025-01-25
A0026,Swimming,3.34,5,8.3,77,5,79,98,Low,2025-01-26
A0027,Swimming,3.07,4,6.1,98,6,45,88,Low,2025-01-27
A0028,Basketball,2.37,3,8.3,94,7,61,63,High,2025-01-28
A0029,Hockey,1.28,8,7.1,67,7,97,70,Low,2025-01-29
A0030,Athletics,5.32,10,8.5,51,1,40,79,Low,2025-01-30
A0031,Cricket,5.06,4,7.3,62,2,43,70,Low,2025-01-31
A0032,Football,6.0,2,5.1,94,9,85,98,Low,2025-02-01
A0033,Athletics,5.98,2,7.7,64,10,88,58,Low,2025-02-02
A0034,Basketball,3.78,1,5.2,69,2,91,66,Low,2025-02-03
A0035,Swimming,4.84,4,6.8,78,6,89,54,Low,2025-02-04
A0036,Cricket,5.72,10,8.7,91,1,82,80,Low,2025-02-05
A0037,Athletics,5.25,9,5.7,78,3,68,89,High,2025-02-06
A0038,Football,2.24,7,6.6,52,2,60,87,Medium,2025-02-07
A0039,Football,3.25,10,7.9,68,3,65,92,Medium,2025-02-08
A0040,Tennis,1.65,7,8.5,52,5,53,68,Low,2025-02-09
A0041,Tennis,5.77,7,7.7,63,10,48,85,Low,2025-02-10
A0042,Badminton,4.03,8,6.0,89,6,98,99,Low,2025-02-11
A0043,Basketball,2.14,1,7.7,53,9,86,82,High,2025-02-12
A0044,Hockey,4.36,10,6.2,60,10,51,62,Low,2025-02-13
A0045,Athletics,4.09,10,7.9,80,4,81,63,Low,2025-02-14
A0046,Athletics,2.79,8,8.8,92,7,90,82,Medium,2025-02-15
A0047,Hockey,1.57,4,7.9,81,6,95,78,Low,2025-02-16
A0048,Badminton,4.36,4,8.5,76,2,90,92,Low,2025-02-17
A0049,Swimming,3.6,4,5.0,79,10,45,98,High,2025-02-18
A0050,Swimming,4.86,6,7.9,92,8,59,85,Medium,2025-02-19
A0051,Badminton,3.6,7,8.3,51,7,63,93,Low,2025-02-20
A0052,Swimming,5.26,6,5.2,98,7,66,59,High,2025-02-21
A0053,Tennis,3.76,1,8.5,58,8,77,80,Low,2025-02-22
A0054,Athletics,3.8,8,6.0,77,1,47,55,Medium,2025-02-23
A0055,Badminton,5.38,10,7.7,80,1,40,50,Low,2025-02-24
A0056,Athletics,3.02,7,8.2,83,8,93,56,Low,2025-02-25
A0057,Hockey,1.67,6,7.7,64,4,88,76,Low,2025-02-26
A0058,Football,1.14,6,5.4,97,5,88,70,Medium,2025-02-27
A0059,Tennis,4.78,5,7.4,74,8,63,77,Low,2025-02-28
A0060,Cricket,4.1,6,7.2,85,5,86,65,Low,2025-03-01
A0061,Tennis,4.52,9,8.6,57,10,46,95,Low,2025-03-02
A0062,Badminton,2.06,10,6.6,58,4,58,72,Medium,2025-03-03
A0063,Cricket,1.68,9,6.3,86,6,61,69,Low,2025-03-04
A0064,Football,1.07,10,8.0,97,5,96,87,Low,2025-03-05
A0065,Badminton,2.75,8,6.7,94,7,94,74,Low,2025-03-06
A0066,Basketball,3.95,10,7.6,88,10,99,77,Low,2025-03-07
A0067,Athletics,2.96,9,7.6,81,7,74,54,Low,2025-03-08
A0068,Football,3.19,10,8.6,66,4,69,70,Low,2025-03-09
A0069,Athletics,5.52,8,7.4,84,5,68,67,Low,2025-03-10
A0070,Swimming,2.74,8,7.0,86,3,61,96,Low,2025-03-11
A0071,Basketball,3.57,1,5.6,68,4,50,55,Medium,2025-03-12
A0072,Basketball,4.92,10,5.5,93,4,59,78,Low,2025-03-13
A0073,Football,2.98,5,5.6,78,3,68,68,Low,2025-03-14
A0074,Basketball,4.11,4,5.7,56,10,90,82,High,2025-03-15
A0075,Cricket,5.31,2,7.6,77,5,80,50,Low,2025-03-16
A0076,Basketball,5.75,8,8.0,58,5,81,94,High,2025-03-17
A0077,Athletics,1.74,3,7.1,77,7,73,52,Low,2025-03-18
A0078,Athletics,5.63,4,8.3,55,4,40,91,Low,2025-03-19
A0079,Badminton,3.46,7,9.0,78,4,70,70,Low,2025-03-20
A0080,Athletics,2.29,10,8.3,66,9,69,84,High,2025-03-21
A0081,Badminton,3.3,9,7.8,65,6,87,90,Low,2025-03-22
A0082,Athletics,5.9,2,7.1,72,4,57,89,Low,2025-03-23
A0083,Cricket,3.46,3,6.8,80,2,94,52,High,2025-03-24
A0084,Hockey,2.64,4,5.3,52,6,97,74,Low,2025-03-25
A0085,Badminton,4.17,10,6.6,70,2,56,94,Low,2025-03-26
A0086,Tennis,2.2,1,8.6,75,5,77,87,Low,2025-03-27
A0087,Swimming,1.38,7,8.2,85,6,53,94,Medium,2025-03-28
A0088,Football,1.64,2,5.9,91,4,62,69,Low,2025-03-29
A0089,Athletics,1.64,5,6.9,86,3,64,93,Low,2025-03-30
A0090,Basketball,1.76,1,8.3,71,7,54,94,Low,2025-03-31
A0091,Hockey,1.69,3,5.3,91,2,85,83,Low,2025-04-01
A0092,Athletics,4.2,2,6.5,61,6,95,70,High,2025-04-02
A0093,Basketball,1.91,1,8.4,91,4,61,97,High,2025-04-03
A0094,Swimming,2.73,7,6.6,62,6,42,72,Medium,2025-04-04
A0095,Swimming,5.48,5,5.3,60,4,95,55,Medium,2025-04-05
A0096,Swimming,3.37,1,7.2,65,4,94,100,Low,2025-04-06
A0097,Basketball,4.34,6,8.4,57,4,58,62,Low,2025-04-07
A0098,Athletics,1.86,5,7.4,89,9,96,98,Medium,2025-04-08
A0099,Swimming,1.96,3,5.9,89,7,83,72,Low,2025-04-09
A0100,Cricket,1.2,7,6.5,94,3,73,58,Low,2025-04-10
A0101,Badminton,1.84,10,6.8,51,3,74,66,Medium,2025-04-11
A0102,Basketball,2.39,9,7.3,79,6,89,51,Low,2025-04-12
A0103,Basketball,1.89,9,8.0,79,6,100,68,Medium,2025-04-13
A0104,Athletics,1.44,9,5.4,61,4,40,68,Low,2025-04-14
A0105,Basketball,1.6,2,8.6,59,9,91,56,Low,2025-04-15
A0106,Basketball,3.3,3,5.0,93,4,60,91,Low,2025-04-16
A0107,Swimming,2.03,7,6.5,60,9,68,91,Low,2025-04-17
A0108,Athletics,2.82,5,5.1,64,4,45,69,Medium,2025-04-18
A0109,Swimming,3.52,2,6.6,65,2,76,58,Low,2025-04-19
A0110,Badminton,4.45,3,7.1,66,2,40,66,Low,2025-04-20
A0111,Hockey,1.2,10,7.0,75,5,90,76,Low,2025-04-21
A0112,Badminton,5.0,6,5.7,51,4,40,96,Low,2025-04-22
A0113,Hockey,4.14,7,7.6,99,7,66,51,Low,2025-04-23
A0114,Swimming,1.41,9,5.2,61,5,60,85,High,2025-04-24
A0115,Badminton,5.37,1,8.0,100,6,92,68,Low,2025-04-25
A0116,Athletics,5.6,7,8.8,75,10,55,66,Medium,2025-04-26
A0117,Football,1.31,8,6.4,72,4,83,54,Medium,2025-04-27
A0118,Swimming,2.38,3,7.1,67,2,98,88,Low,2025-04-28
A0119,Hockey,5.03,4,6.5,81,10,100,67,Low,2025-04-29
A0120,Cricket,4.74,10,5.0,98,9,93,56,Medium,2025-04-30
A0121,Hockey,1.92,6,6.5,87,10,79,66,Low,2025-05-01
A0122,Cricket,2.05,10,8.2,96,7,65,88,Low,2025-05-02
A0123,Basketball,2.85,7,7.4,52,4,55,85,Low,2025-05-03
A0124,Badminton,3.42,4,5.4,87,3,67,89,High,2025-05-04
A0125,Cricket,4.09,8,8.4,52,10,40,94,High,2025-05-05
A0126,Hockey,2.84,5,7.1,79,3,75,53,Medium,2025-05-06
A0127,Basketball,3.31,1,8.4,50,9,49,87,Low,2025-05-07
A0128,Football,4.74,4,7.3,79,5,82,74,Low,2025-05-08
A0129,Athletics,1.18,3,7.2,94,3,56,54,Low,2025-05-09
A0130,Athletics,2.26,9,5.4,81,5,96,79,Low,2025-05-10
A0131,Athletics,4.57,8,5.7,77,2,98,61,Low,2025-05-11
A0132,Cricket,5.48,1,8.9,70,4,62,53,High,2025-05-12
A0133,Football,3.56,6,5.9,95,10,46,73,High,2025-05-13
A0134,Cricket,3.66,9,8.9,62,2,83,78,Low,2025-05-14
A0135,Badminton,1.54,7,7.1,76,2,92,58,Low,2025-05-15
A0136,Cricket,3.24,4,5.5,85,8,46,53,Low,2025-05-16
A0137,Football,3.66,1,5.4,56,1,83,100,Low,2025-05-17
A0138,Football,2.21,2,5.8,71,7,54,73,Medium,2025-05-18
A0139,Badminton,2.35,5,8.7,59,5,73,63,Medium,2025-05-19
A0140,Football,2.89,5,6.7,88,8,85,54,Low,2025-05-20
A0141,Hockey,1.1,8,6.6,64,1,84,67,Low,2025-05-21
A0142,Football,2.61,6,6.3,64,7,43,91,Low,2025-05-22
A0143,Athletics,2.06,8,5.6,53,5,53,68,Low,2025-05-23
A0144,Hockey,2.64,2,7.0,81,4,53,61,Low,2025-05-24
A0145,Hockey,1.6,3,5.5,72,7,55,67,Low,2025-05-25
A0146,Badminton,5.45,6,8.3,55,10,46,66,Low,2025-05-26
A0147,Tennis,3.97,10,6.5,73,2,71,79,Medium,2025-05-27
A0148,Tennis,4.4,3,6.5,69,1,58,73,Low,2025-05-28
A0149,Football,4.95,6,6.9,86,1,41,60,Low,2025-05-29
A0150,Hockey,3.49,6,6.8,69,1,49,84,Low,2025-05-30
A0151,Tennis,1.43,2,9.0,61,5,89,72,Low,2025-05-31
A0152,Tennis,3.69,7,7.2,82,10,100,66,Low,2025-06-01
A0153,Football,3.93,2,5.4,77,7,56,50,Low,2025-06-02
A0154,Tennis,4.73,6,7.4,57,2,76,64,Low,2025-06-03
A0155,Cricket,3.16,1,5.6,50,10,51,81,Low,2025-06-04
A0156,Basketball,1.64,3,5.1,86,8,45,58,Medium,2025-06-05
A0157,Badminton,2.42,2,8.9,71,4,61,64,Low,2025-06-06
A0158,Basketball,2.82,7,8.1,55,3,71,77,Medium,2025-06-07
A0159,Football,4.23,4,8.9,70,10,80,73,Low,2025-06-08
A0160,Athletics,3.85,8,6.9,81,8,59,84,Low,2025-06-09
A0161,Badminton,2.78,6,7.1,84,2,40,71,Low,2025-06-10
A0162,Football,5.93,10,5.7,64,3,93,76,Low,2025-06-11
A0163,Hockey,4.03,4,6.0,54,3,86,68,High,2025-06-12
A0164,Athletics,2.19,5,8.4,95,10,92,94,Medium,2025-06-13
A0165,Basketball,1.51,9,6.4,99,1,97,61,High,2025-06-14
A0166,Football,1.76,7,8.3,97,6,45,69,High,2025-06-15
A0167,Hockey,2.23,10,7.8,55,2,58,50,Low,2025-06-16
A0168,Badminton,1.8,9,5.7,74,1,57,70,Low,2025-06-17
A0169,Badminton,1.93,7,7.0,95,2,45,98,Low,2025-06-18
A0170,Swimming,2.43,1,7.7,89,6,84,94,High,2025-06-19
A0171,Hockey,1.87,8,5.9,78,4,72,50,Medium,2025-06-20
A0172,Cricket,5.48,4,8.3,56,6,62,59,Low,2025-06-21
A0173,Tennis,1.4,3,7.2,89,9,62,96,Medium,2025-06-22
A0174,Athletics,3.62,7,5.7,62,10,65,81,Low,2025-06-23
A0175,Hockey,3.05,3,7.3,87,10,52,88,Low,2025-06-24
A0176,Swimming,5.91,8,9.0,67,8,46,71,Low,2025-06-25
A0177,Tennis,1.56,6,5.6,51,1,54,67,Low,2025-06-26
A0178,Tennis,2.99,5,8.3,57,8,83,97,Medium,2025-06-27
A0179,Football,5.85,4,5.8,60,9,66,95,Low,2025-06-28
A0180,Tennis,5.33,8,8.1,82,6,65,81,Low,2025-06-29
A0181,Cricket,5.09,8,7.9,87,10,72,76,Low,2025-06-30
A0182,Badminton,2.29,1,6.2,97,5,54,77,Low,2025-07-01
A0183,Swimming,1.85,9,6.3,76,6,75,67,Low,2025-07-02
A0184,Tennis,4.34,5,8.2,69,6,84,88,Low,2025-07-03
A0185,Football,5.65,4,6.8,61,9,94,98,Low,2025-07-04
A0186,Cricket,3.78,6,7.9,92,4,66,78,Low,2025-07-05
A0187,Basketball,3.86,6,5.6,80,2,96,67,Low,2025-07-06
A0188,Badminton,2.4,2,8.4,76,9,44,93,Medium,2025-07-07
A0189,Badminton,4.85,8,7.8,81,2,100,57,Low,2025-07-08
A0190,Swimming,1.94,7,8.6,59,10,41,80,Low,2025-07-09
A0191,Badminton,2.62,1,5.5,52,9,94,83,Low,2025-07-10
A0192,Tennis,3.13,5,7.4,94,2,97,56,Low,2025-07-11
A0193,Football,3.54,6,7.4,76,8,72,85,Low,2025-07-12
A0194,Badminton,2.21,4,6.4,84,9,55,67,Medium,2025-07-13
A0195,Badminton,1.57,2,6.8,80,10,62,87,High,2025-07-14
A0196,Basketball,4.05,4,5.2,64,9,77,58,High,2025-07-15
A0197,Basketball,2.44,1,8.0,65,10,94,58,Low,2025-07-16
A0198,Athletics,3.91,7,7.2,62,9,55,95,Low,2025-07-17
A0199,Cricket,1.77,2,5.2,98,2,53,57,Medium,2025-07-18
A0200,Tennis,3.41,2,7.7,84,4,68,100,Low,2025-07-19
A0201,Badminton,3.66,9,6.9,60,7,65,84,Low,2025-07-20
A0202,Hockey,1.26,5,5.1,70,2,74,67,Medium,2025-07-21
A0203,Badminton,2.68,2,8.9,100,1,54,54,Low,2025-07-22
A0204,Football,1.67,9,8.8,60,3,42,63,Low,2025-07-23
A0205,Athletics,1.32,9,7.1,79,4,62,77,Low,2025-07-24
A0206,Cricket,5.95,1,5.4,97,8,68,79,Low,2025-07-25
A0207,Hockey,2.61,3,8.0,84,6,73,53,Low,2025-07-26
A0208,Athletics,5.05,4,7.0,71,2,72,88,Low,2025-07-27
A0209,Swimming,2.27,7,6.2,87,9,80,69,Low,2025-07-28
A0210,Cricket,4.41,10,7.0,80,2,80,74,Low,2025-07-29
A0211,Badminton,4.8,4,7.1,63,5,62,77,Low,2025-07-30
A0212,Badminton,3.98,2,7.3,73,4,46,61,Medium,2025-07-31
A0213,Cricket,3.36,7,6.8,99,7,42,51,Low,2025-08-01
A0214,Badminton,3.06,6,7.4,98,8,97,92,Low,2025-08-02
A0215,Tennis,2.74,3,8.7,81,5,71,63,Low,2025-08-03
A0216,Cricket,5.65,6,6.4,85,10,70,71,High,2025-08-04
A0217,Athletics,5.15,6,7.9,81,5,57,80,Low,2025-08-05
A0218,Cricket,5.83,5,8.6,64,2,82,72,Low,2025-08-06
A0219,Hockey,1.62,4,6.8,92,8,46,97,Low,2025-08-07
A0220,Badminton,4.65,10,6.8,84,2,80,69,Medium,2025-08-08
A0221,Tennis,5.69,1,7.4,52,10,40,87,Low,2025-08-09
A0222,Tennis,1.91,10,7.4,65,6,100,53,Low,2025-08-10
A0223,Swimming,1.33,6,8.2,54,8,53,64,Low,2025-08-11
A0224,Athletics,4.71,2,6.9,70,6,91,73,Low,2025-08-12
A0225,Basketball,3.87,3,9.0,59,4,71,74,Medium,2025-08-13
A0226,Basketball,5.21,8,5.2,68,4,45,50,Medium,2025-08-14
A0227,Cricket,1.7,10,5.0,74,6,78,56,Low,2025-08-15
A0228,Swimming,4.98,6,7.6,53,4,49,80,Medium,2025-08-16
A0229,Football,2.01,3,6.2,78,8,46,61,Low,2025-08-17
A0230,Cricket,1.82,7,6.0,68,9,65,91,Low,2025-08-18
A0231,Swimming,1.82,4,6.2,92,1,73,54,Low,2025-08-19
A0232,Athletics,5.07,9,6.0,51,4,69,93,Low,2025-08-20
A0233,Athletics,4.33,5,5.1,59,4,75,99,Medium,2025-08-21
A0234,Athletics,3.62,3,8.9,92,2,60,91,Low,2025-08-22
A0235,Athletics,2.79,2,5.9,74,6,99,87,Low,2025-08-23
A0236,Athletics,5.39,2,7.9,69,3,56,61,Low,2025-08-24
A0237,Swimming,2.96,3,8.1,97,7,72,88,Low,2025-08-25
A0238,Swimming,5.08,2,8.7,68,5,49,67,Low,2025-08-26
A0239,Tennis,3.2,4,5.1,72,4,90,51,Low,2025-08-27
A0240,Hockey,2.88,2,8.5,73,5,86,59,Medium,2025-08-28
A0241,Basketball,3.31,10,7.1,60,8,81,64,Low,2025-08-29
A0242,Badminton,2.51,9,7.5,95,3,90,79,Low,2025-08-30
A0243,Athletics,4.74,2,7.6,83,7,51,93,High,2025-08-31
A0244,Football,3.51,9,8.3,77,6,95,66,Medium,2025-09-01
A0245,Badminton,2.16,6,6.3,54,1,55,53,Low,2025-09-02
A0246,Swimming,5.5,1,7.9,54,7,80,56,Medium,2025-09-03
A0247,Football,2.92,4,7.1,100,7,71,90,Low,2025-09-04
A0248,Football,3.72,1,8.2,70,1,54,80,Low,2025-09-05
A0249,Football,5.53,6,9.0,61,9,66,100,Low,2025-09-06
A0250,Tennis,4.12,4,5.8,99,6,67,88,High,2025-09-07
A0251,Swimming,1.58,3,9.0,53,2,56,83,Low,2025-09-08
A0252,Football,5.7,3,5.4,98,5,85,55,Low,2025-09-09
A0253,Athletics,4.14,9,5.0,91,4,98,99,Low,2025-09-10
A0254,Cricket,2.67,6,5.2,69,7,89,87,Medium,2025-09-11
A0255,Football,1.7,9,6.4,87,8,97,94,Low,2025-09-12
A0256,Tennis,4.97,5,7.5,74,1,41,100,Low,2025-09-13
A0257,Badminton,4.1,2,5.3,63,5,75,83,Low,2025-09-14
A0258,Swimming,3.67,8,5.0,60,3,89,93,Medium,2025-09-15
A0259,Hockey,5.47,5,8.7,81,1,46,64,High,2025-09-16
A0260,Tennis,4.94,2,8.3,60,3,52,63,Low,2025-09-17
A0261,Football,1.76,4,8.2,67,6,54,55,Low,2025-09-18
A0262,Swimming,2.56,9,8.5,76,7,64,99,High,2025-09-19
A0263,Cricket,2.24,4,7.8,67,8,62,86,Low,2025-09-20
A0264,Football,4.72,4,5.4,72,4,99,99,Medium,2025-09-21
A0265,Tennis,1.17,2,6.6,60,3,61,81,Medium,2025-09-22
A0266,Basketball,3.85,6,7.9,70,5,65,52,Low,2025-09-23
A0267,Athletics,4.81,2,6.1,93,9,72,52,Low,2025-09-24
A0268,Hockey,5.38,7,7.7,54,6,50,71,Low,2025-09-25
A0269,Badminton,2.71,3,5.1,72,9,49,71,Low,2025-09-26
A0270,Tennis,5.11,3,6.2,90,6,64,59,Low,2025-09-27
A0271,Swimming,1.55,5,7.2,74,2,76,100,Low,2025-09-28
A0272,Hockey,5.23,3,7.5,90,5,87,52,Low,2025-09-29
A0273,Hockey,1.64,2,7.3,59,9,82,61,Low,2025-09-30
A0274,Hockey,2.99,10,7.8,71,8,92,78,Low,2025-10-01
A0275,Football,4.99,9,5.0,68,7,77,97,Low,2025-10-02
A0276,Athletics,1.75,2,5.4,50,1,80,66,Medium,2025-10-03
A0277,Football,2.15,2,8.5,56,4,84,56,Low,2025-10-04
A0278,Swimming,4.61,8,7.7,53,7,63,62,Medium,2025-10-05
A0279,Football,4.6,9,5.5,50,7,79,51,Low,2025-10-06
A0280,Basketball,4.21,7,8.4,64,6,85,53,Low,2025-10-07
A0281,Athletics,4.47,3,6.0,89,8,95,59,Medium,2025-10-08
A0282,Athletics,3.71,9,6.9,61,6,72,88,Low,2025-10-09
A0283,Swimming,2.26,3,5.6,71,10,56,73,Low,2025-10-10
A0284,Badminton,2.73,5,7.8,71,3,63,66,Low,2025-10-11
A0285,Basketball,1.91,9,7.7,99,4,76,55,Low,2025-10-12
A0286,Tennis,5.54,3,5.8,96,3,96,68,Low,2025-10-13
A0287,Football,3.92,7,8.5,66,1,41,54,Low,2025-10-14
A0288,Cricket,3.0,1,6.6,78,10,71,81,Low,2025-10-15
A0289,Football,3.31,4,6.2,95,5,96,59,Low,2025-10-16
A0290,Hockey,5.74,4,5.6,63,1,99,58,Low,2025-10-17
A0291,Football,1.77,7,6.1,99,1,63,76,Low,2025-10-18
A0292,Tennis,3.93,8,5.1,69,2,48,62,Low,2025-10-19
A0293,Football,3.53,1,7.3,99,4,43,68,Low,2025-10-20
A0294,Basketball,4.06,5,8.4,97,6,56,70,High,2025-10-21
A0295,Basketball,1.09,7,7.2,82,8,56,73,Low,2025-10-22
A0296,Athletics,5.36,4,5.9,92,3,92,87,Low,2025-10-23
A0297,Swimming,5.66,4,5.1,64,1,89,53,Low,2025-10-24
A0298,Badminton,3.83,4,5.9,61,3,87,73,High,2025-10-25
A0299,Cricket,4.48,6,6.7,89,3,69,84,Low,2025-10-26
A0300,Hockey,5.61,7,8.0,69,5,79,52,High,2025-10-27
A0301,Football,4.54,2,5.8,79,4,97,53,Low,2025-10-28
A0302,Football,1.76,5,7.9,87,4,50,86,Low,2025-10-29
A0303,Tennis,3.88,4,8.5,52,9,60,89,Medium,2025-10-30
A0304,Swimming,4.03,3,6.8,77,7,60,97,Low,2025-10-31
A0305,Basketball,3.12,7,8.3,75,4,57,84,Low,2025-11-01
A0306,Cricket,4.68,6,7.2,79,3,94,80,Medium,2025-11-02
A0307,Athletics,5.67,7,7.5,62,6,68,93,High,2025-11-03
A0308,Basketball,5.63,5,7.1,62,3,63,74,Low,2025-11-04
A0309,Hockey,3.25,6,6.9,51,6,49,89,Low,2025-11-05
A0310,Swimming,1.57,5,5.9,86,9,84,62,Medium,2025-11-06
A0311,Hockey,5.92,7,6.2,98,6,56,53,Low,2025-11-07
A0312,Badminton,5.19,2,6.2,87,4,57,95,Medium,2025-11-08
A0313,Athletics,1.62,5,7.3,51,5,81,63,Low,2025-11-09
A0314,Badminton,5.6,6,5.5,85,6,87,62,Low,2025-11-10
A0315,Tennis,5.35,6,8.7,75,3,59,76,High,2025-11-11
A0316,Hockey,3.59,5,7.9,60,8,76,55,Low,2025-11-12
A0317,Tennis,3.96,10,6.6,57,4,84,66,Low,2025-11-13
A0318,Football,3.0,7,5.6,93,8,57,85,Low,2025-11-14
A0319,Badminton,1.27,10,8.5,89,10,56,89,Low,2025-11-15
A0320,Swimming,2.68,8,8.3,92,10,48,98,Low,2025-11-16
A0321,Hockey,5.01,7,7.9,71,3,53,84,Medium,2025-11-17
A0322,Cricket,1.02,5,6.1,69,10,88,66,Low,2025-11-18
A0323,Athletics,2.67,1,6.6,57,7,68,90,Low,2025-11-19
A0324,Basketball,2.99,5,5.4,78,9,70,51,Medium,2025-11-20
A0325,Swimming,3.69,10,5.8,89,4,43,62,Low,2025-11-21
A0326,Swimming,5.6,2,8.1,75,8,57,51,Low,2025-11-22
A0327,Tennis,2.73,5,7.9,79,3,98,77,Low,2025-11-23
A0328,Badminton,2.73,5,7.4,66,7,59,92,High,2025-11-24
A0329,Hockey,4.69,2,8.6,69,3,95,75,Low,2025-11-25
A0330,Hockey,3.26,5,7.3,65,7,95,71,Low,2025-11-26
A0331,Football,2.12,4,6.9,95,10,86,96,Low,2025-11-27
A0332,Football,3.26,1,6.4,92,10,82,92,Low,2025-11-28
A0333,Athletics,1.7,3,8.8,56,6,83,52,Low,2025-11-29
A0334,Tennis,1.88,1,5.3,65,2,48,84,Low,2025-11-30
A0335,Swimming,3.49,5,8.7,94,3,52,61,Low,2025-12-01
A0336,Hockey,3.09,4,8.3,96,6,54,73,High,2025-12-02
A0337,Cricket,5.57,7,5.5,97,4,66,54,Low,2025-12-03
A0338,Tennis,2.81,5,7.3,76,6,54,69,Low,2025-12-04
A0339,Athletics,3.9,10,8.5,72,1,67,88,Low,2025-12-05
A0340,Athletics,4.16,4,7.3,73,10,76,88,Low,2025-12-06
A0341,Tennis,1.07,2,8.6,58,1,94,62,Low,2025-12-07
A0342,Athletics,4.32,4,8.8,84,3,58,90,Low,2025-12-08
A0343,Tennis,1.89,2,6.7,100,8,65,94,Low,2025-12-09
A0344,Basketball,5.81,8,6.5,69,8,91,61,Medium,2025-12-10
A0345,Tennis,1.74,3,8.7,86,4,65,62,Low,2025-12-11
A0346,Badminton,3.07,9,7.7,91,6,64,59,Low,2025-12-12
A0347,Tennis,1.43,4,5.5,66,8,65,82,Low,2025-12-13
A0348,Athletics,5.98,6,5.2,96,7,65,89,Low,2025-12-14
A0349,Hockey,3.51,10,7.3,80,7,85,65,Low,2025-12-15
A0350,Badminton,3.98,5,8.7,57,4,67,94,Low,2025-12-16
A0351,Athletics,1.34,10,8.4,64,9,88,84,Low,2025-12-17
A0352,Football,4.75,1,7.7,80,10,57,52,Medium,2025-12-18
A0353,Football,2.05,9,5.6,79,6,71,54,Low,2025-12-19
A0354,Hockey,5.49,1,6.0,95,3,92,75,Low,2025-12-20
A0355,Hockey,2.03,8,8.5,69,5,42,60,Low,2025-12-21
A0356,Badminton,1.95,9,5.7,88,5,41,56,Low,2025-12-22
A0357,Basketball,1.18,9,6.1,61,5,72,59,Low,2025-12-23
A0358,Hockey,3.36,1,5.5,98,8,81,91,High,2025-12-24
A0359,Football,3.82,2,7.7,66,9,58,83,Low,2025-12-25
A0360,Tennis,1.33,1,8.8,91,9,56,52,High,2025-12-26
A0361,Athletics,4.88,10,6.1,79,6,83,57,Medium,2025-12-27
A0362,Football,3.27,2,6.9,78,6,72,80,Low,2025-12-28
A0363,Football,3.62,10,7.5,68,9,51,60,Low,2025-12-29
A0364,Basketball,3.2,8,9.0,95,4,88,94,Low,2025-12-30
A0365,Badminton,3.0,5,5.4,60,6,95,56,Low,2025-12-31
A0366,Badminton,3.8,7,7.0,83,4,42,94,High,2026-01-01
A0367,Swimming,1.78,2,6.5,99,1,82,51,Low,2026-01-02
A0368,Basketball,1.91,8,8.5,56,7,88,55,Medium,2026-01-03
A0369,Tennis,5.31,6,6.9,93,10,94,90,Low,2026-01-04
A0370,Badminton,5.73,8,5.4,83,6,65,81,Medium,2026-01-05
A0371,Athletics,2.87,1,7.5,69,9,74,69,High,2026-01-06
A0372,Hockey,2.35,1,8.1,99,7,47,83,Low,2026-01-07
A0373,Basketball,4.22,7,5.0,87,7,91,99,Low,2026-01-08
A0374,Hockey,3.04,8,8.4,73,2,75,65,Low,2026-01-09
A0375,Football,1.13,3,5.7,59,9,92,74,Medium,2026-01-10
A0376,Athletics,1.78,5,7.2,81,10,93,61,High,2026-01-11
A0377,Athletics,4.58,1,6.7,64,9,46,56,Medium,2026-01-12
A0378,Football,4.29,7,7.9,86,6,85,88,Low,2026-01-13
A0379,Basketball,1.14,5,6.5,69,3,85,66,Low,2026-01-14
A0380,Football,2.11,8,8.5,52,1,75,94,Medium,2026-01-15
A0381,Hockey,2.16,8,7.9,86,4,55,60,Low,2026-01-16
A0382,Swimming,4.36,9,7.6,89,3,63,55,Medium,2026-01-17
A0383,Athletics,1.1,7,8.2,57,1,100,72,Low,2026-01-18
A0384,Cricket,1.52,1,8.0,89,3,93,76,Low,2026-01-19
A0385,Cricket,5.0,3,5.1,93,4,40,95,Low,2026-01-20
A0386,Hockey,1.89,8,6.6,72,8,88,55,Low,2026-01-21
A0387,Tennis,4.26,3,8.7,89,9,64,87,Low,2026-01-22
A0388,Badminton,2.19,8,5.5,60,3,49,51,Low,2026-01-23
A0389,Football,1.5,1,7.9,95,6,93,71,Low,2026-01-24
A0390,Football,2.22,5,8.9,57,10,55,69,Low,2026-01-25
A0391,Tennis,4.61,4,5.2,78,5,55,74,Low,2026-01-26
A0392,Tennis,5.28,5,7.7,79,6,97,64,Medium,2026-01-27
A0393,Hockey,5.15,8,6.9,59,4,47,98,High,2026-01-28
A0394,Hockey,2.99,10,7.3,88,10,68,78,Medium,2026-01-29
A0395,Tennis,4.34,4,5.3,77,6,78,57,High,2026-01-30
A0396,Athletics,2.02,4,5.2,98,7,67,86,Low,2026-01-31
A0397,Hockey,2.47,3,7.7,85,9,45,98,Low,2026-02-01
A0398,Swimming,5.48,7,8.3,62,10,55,82,Low,2026-02-02
A0399,Hockey,1.07,3,8.1,81,7,59,71,Medium,2026-02-03
A0400,Football,1.43,3,7.2,85,6,55,99,Low,2026-02-04
A0401,Hockey,2.04,10,5.4,86,1,46,96,Low,2026-02-05
A0402,Athletics,1.13,5,7.8,75,2,80,54,Medium,2026-02-06
A0403,Tennis,1.91,5,6.0,71,1,53,88,Low,2026-02-07
A0404,Football,3.92,6,8.6,53,9,82,67,Low,2026-02-08
A0405,Hockey,3.11,8,8.4,80,10,65,87,Low,2026-02-09
A0406,Athletics,5.46,10,7.8,67,10,65,86,Low,2026-02-10
A0407,Swimming,5.09,6,8.8,87,9,53,79,Low,2026-02-11
A0408,Hockey,2.71,1,5.1,73,7,46,100,Low,2026-02-12
A0409,Athletics,2.3,8,7.9,72,2,72,80,Low,2026-02-13
A0410,Swimming,2.9,8,6.3,71,6,65,59,Low,2026-02-14
A0411,Tennis,3.95,9,8.6,51,4,96,64,Medium,2026-02-15
A0412,Hockey,2.34,9,6.1,80,1,84,91,Medium,2026-02-16
A0413,Swimming,4.12,2,7.9,60,1,59,97,Low,2026-02-17
A0414,Football,3.05,2,8.5,77,5,42,93,Medium,2026-02-18
A0415,Tennis,3.76,3,5.2,95,2,91,67,Low,2026-02-19
A0416,Football,3.18,1,6.6,81,4,43,72,Low,2026-02-20
A0417,Cricket,2.47,4,8.0,54,1,100,82,Low,2026-02-21
A0418,Basketball,5.74,4,6.8,87,4,65,65,Low,2026-02-22
A0419,Hockey,4.82,9,6.1,59,6,50,87,Low,2026-02-23
A0420,Swimming,1.7,9,5.9,89,10,41,84,Low,2026-02-24
A0421,Basketball,5.34,9,5.5,95,4,53,83,Low,2026-02-25
A0422,Basketball,3.44,10,8.4,73,1,83,77,Medium,2026-02-26
A0423,Swimming,5.47,7,7.3,84,7,69,51,Low,2026-02-27
A0424,Tennis,5.0,2,5.3,93,2,88,79,Low,2026-02-28
A0425,Hockey,3.13,10,6.5,97,9,51,62,Low,2026-03-01
A0426,Cricket,1.11,5,6.5,72,3,65,90,Low,2026-03-02
A0427,Football,2.34,4,5.7,66,8,83,65,Low,2026-03-03
A0428,Athletics,3.71,8,6.7,50,8,72,54,Low,2026-03-04
A0429,Football,4.17,2,6.3,80,3,52,77,Low,2026-03-05
A0430,Athletics,2.29,6,6.4,80,4,53,88,Medium,2026-03-06
A0431,Football,1.7,5,8.0,91,2,63,94,Low,2026-03-07
A0432,Swimming,5.17,2,5.9,91,4,73,69,High,2026-03-08
A0433,Cricket,5.92,10,7.6,83,9,83,73,Low,2026-03-09
A0434,Hockey,3.63,1,7.3,58,2,65,76,Low,2026-03-10
A0435,Athletics,1.86,8,7.3,71,3,60,79,Low,2026-03-11
A0436,Hockey,2.36,2,7.7,62,4,67,94,Low,2026-03-12
A0437,Hockey,1.09,7,7.2,74,5,87,76,Low,2026-03-13
A0438,Hockey,5.57,9,8.5,97,1,75,75,Low,2026-03-14
A0439,Badminton,1.59,9,7.7,67,7,79,56,Medium,2026-03-15
A0440,Tennis,3.88,8,7.2,100,10,41,91,High,2026-03-16
A0441,Football,2.37,10,8.3,61,7,81,96,Low,2026-03-17
A0442,Hockey,3.77,9,7.4,89,9,48,87,Low,2026-03-18
A0443,Football,4.26,2,6.2,66,4,62,54,Low,2026-03-19
A0444,Hockey,5.15,6,5.8,64,6,54,72,Low,2026-03-20
A0445,Athletics,2.03,4,5.6,91,2,52,77,Medium,2026-03-21
A0446,Tennis,1.05,4,8.6,64,4,62,83,Medium,2026-03-22
A0447,Tennis,1.68,5,7.8,64,2,56,64,Medium,2026-03-23
A0448,Swimming,5.5,3,8.7,88,10,87,81,Low,2026-03-24
A0449,Badminton,5.37,1,7.4,62,5,99,75,Low,2026-03-25
A0450,Swimming,3.99,8,6.9,66,7,41,97,Low,2026-03-26
A0451,Swimming,4.0,5,5.2,81,1,59,80,High,2026-03-27
A0452,Swimming,4.33,3,7.7,58,10,59,68,Low,2026-03-28
A0453,Swimming,1.88,10,7.3,89,10,98,58,Low,2026-03-29
A0454,Swimming,5.57,7,9.0,69,7,85,78,Low,2026-03-30
A0455,Cricket,3.09,7,6.0,75,10,42,100,Medium,2026-03-31
A0456,Tennis,2.92,1,7.1,76,6,94,88,Low,2026-04-01
A0457,Swimming,3.59,9,7.6,70,6,51,53,Low,2026-04-02
A0458,Hockey,1.23,2,7.6,67,8,79,52,High,2026-04-03
A0459,Tennis,1.83,5,7.2,62,8,41,78,High,2026-04-04
A0460,Tennis,4.69,5,8.1,65,6,75,60,Low,2026-04-05
A0461,Basketball,1.41,8,5.8,58,3,53,82,Low,2026-04-06
A0462,Cricket,4.02,8,7.9,61,5,55,87,Medium,2026-04-07
A0463,Swimming,2.23,7,7.5,93,2,58,60,High,2026-04-08
A0464,Football,2.95,7,8.6,87,5,73,76,Low,2026-04-09
A0465,Athletics,2.44,6,8.4,68,9,83,82,Low,2026-04-10
A0466,Badminton,2.78,6,6.3,56,10,100,70,Low,2026-04-11
A0467,Hockey,4.6,9,6.1,84,1,85,88,Medium,2026-04-12
A0468,Football,2.49,6,8.9,97,10,45,80,Low,2026-04-13
A0469,Cricket,3.83,2,7.1,67,5,52,87,Low,2026-04-14
A0470,Athletics,3.38,2,8.6,65,6,75,95,Low,2026-04-15
A0471,Cricket,4.32,5,5.7,88,7,61,51,High,2026-04-16
A0472,Hockey,5.68,4,7.6,53,9,57,76,Low,2026-04-17
A0473,Tennis,4.66,2,8.2,74,6,51,85,Low,2026-04-18
A0474,Athletics,2.07,3,8.8,81,5,91,60,Low,2026-04-19
A0475,Tennis,1.16,7,6.3,89,7,98,96,Low,2026-04-20
A0476,Hockey,2.31,8,7.9,62,1,93,67,Low,2026-04-21
A0477,Football,3.98,6,7.2,94,5,69,50,Medium,2026-04-22
A0478,Hockey,1.26,5,5.2,66,2,92,84,Low,2026-04-23
A0479,Football,3.48,1,7.8,98,4,90,84,High,2026-04-24
A0480,Athletics,3.98,8,7.8,86,7,79,80,Low,2026-04-25
A0481,Athletics,2.67,3,8.7,55,5,46,77,Low,2026-04-26
A0482,Swimming,4.85,6,7.0,68,6,71,88,Low,2026-04-27
A0483,Cricket,1.53,3,5.9,62,2,87,50,Low,2026-04-28
A0484,Swimming,1.38,7,5.2,75,3,58,74,Low,2026-04-29
A0485,Cricket,4.64,7,6.7,63,7,45,92,Medium,2026-04-30
A0486,Swimming,3.48,9,6.2,80,2,59,87,Medium,2026-05-01
A0487,Tennis,4.44,5,8.0,53,6,66,69,Low,2026-05-02
A0488,Athletics,3.17,8,6.4,88,5,92,52,High,2026-05-03
A0489,Football,2.23,10,8.8,57,10,82,100,Low,2026-05-04
A0490,Cricket,5.1,10,8.8,74,1,76,51,Medium,2026-05-05
A0491,Hockey,5.0,8,7.5,62,10,87,67,Low,2026-05-06
A0492,Cricket,4.47,1,8.7,81,4,46,93,Low,2026-05-07
A0493,Football,2.36,5,8.0,87,2,98,59,Medium,2026-05-08
A0494,Swimming,3.95,3,7.2,87,4,44,54,Low,2026-05-09
A0495,Cricket,2.8,1,5.7,77,1,50,58,Low,2026-05-10
A0496,Badminton,1.46,4,6.8,79,2,54,51,Low,2026-05-11
A0497,Tennis,5.59,8,7.2,52,8,42,83,Low,2026-05-12
A0498,Athletics,1.68,3,8.5,77,6,97,87,Medium,2026-05-13
A0499,Football,5.75,10,6.9,52,2,44,80,Low,2026-05-14
A0500,Athletics,3.23,2,8.6,94,6,62,59,High,2026-05-15
A0501,Badminton,1.93,9,7.7,83,10,92,99,Low,2026-05-16
A0502,Cricket,3.71,10,5.5,65,9,76,61,Low,2026-05-17
A0503,Cricket,5.36,5,9.0,71,7,48,85,Medium,2026-05-18
A0504,Hockey,4.66,7,7.1,81,9,54,70,Low,2026-05-19
A0505,Badminton,5.03,2,6.6,87,5,42,98,High,2026-05-20
A0506,Football,4.29,9,7.6,57,7,68,96,Low,2026-05-21
A0507,Hockey,4.46,9,5.4,57,7,45,55,Low,2026-05-22
A0508,Tennis,5.25,4,7.5,55,3,56,97,Low,2026-05-23
A0509,Hockey,2.25,4,7.0,63,7,65,98,Low,2026-05-24
A0510,Basketball,3.45,6,6.6,81,1,60,52,Low,2026-05-25
A0511,Football,2.11,10,8.8,84,9,47,59,Medium,2026-05-26
A0512,Basketball,5.94,10,7.1,59,10,60,54,Low,2026-05-27
A0513,Badminton,5.72,10,5.9,52,6,96,95,Low,2026-05-28
A0514,Swimming,1.2,6,6.8,61,5,50,75,Low,2026-05-29
A0515,Basketball,4.53,1,8.7,98,7,77,70,Low,2026-05-30
A0516,Tennis,5.63,9,5.7,80,5,47,94,Low,2026-05-31
A0517,Hockey,1.9,2,5.9,78,10,81,75,Medium,2026-06-01
A0518,Swimming,3.84,5,5.1,54,5,63,87,Medium,2026-06-02
A0519,Hockey,5.58,9,5.1,74,10,100,93,Medium,2026-06-03
A0520,Basketball,1.17,4,8.3,90,7,74,75,Medium,2026-06-04
A0521,Hockey,4.49,3,7.9,80,10,94,57,Low,2026-06-05
A0522,Badminton,2.49,7,6.4,70,7,53,54,Medium,2026-06-06
A0523,Swimming,5.62,6,7.8,69,3,94,64,Low,2026-06-07
A0524,Badminton,5.86,8,6.6,88,3,53,65,Low,2026-06-08
A0525,Basketball,5.72,3,8.8,71,10,49,50,Low,2026-06-09
A0526,Badminton,3.37,5,8.9,53,3,51,65,Low,2026-06-10
A0527,Tennis,5.31,10,6.6,62,6,77,86,Medium,2026-06-11
A0528,Basketball,5.22,4,8.4,94,6,83,52,Low,2026-06-12
A0529,Basketball,2.6,4,8.1,91,3,94,96,Medium,2026-06-13
A0530,Basketball,5.14,4,6.2,99,3,85,80,Low,2026-06-14
A0531,Football,1.19,10,5.9,98,8,73,62,Low,2026-06-15
A0532,Hockey,3.98,8,6.8,69,8,80,65,Medium,2026-06-16
A0533,Football,2.15,6,8.1,62,7,49,92,Low,2026-06-17
A0534,Football,1.6,3,8.8,66,10,97,70,Low,2026-06-18
A0535,Tennis,1.38,10,8.1,85,4,56,51,Low,2026-06-19
A0536,Swimming,4.48,5,8.4,82,4,56,76,Low,2026-06-20
A0537,Hockey,2.7,6,7.4,50,3,42,87,Low,2026-06-21
A0538,Badminton,4.62,5,8.3,64,5,70,75,Low,2026-06-22
A0539,Cricket,1.33,6,8.1,62,3,90,87,High,2026-06-23
A0540,Basketball,2.58,8,6.5,66,8,40,95,Medium,2026-06-24
A0541,Badminton,3.7,7,7.2,73,7,51,74,Medium,2026-06-25
A0542,Basketball,4.95,5,8.2,57,3,78,60,Medium,2026-06-26
A0543,Tennis,2.59,10,5.2,99,9,43,57,Low,2026-06-27
A0544,Basketball,4.13,6,8.2,76,5,81,57,Low,2026-06-28
A0545,Football,5.43,4,5.7,94,9,52,82,Low,2026-06-29
A0546,Hockey,4.08,9,7.1,72,7,73,56,Low,2026-06-30
A0547,Cricket,2.16,4,8.2,95,7,81,87,High,2026-07-01
A0548,Athletics,1.12,1,6.0,57,6,60,70,Low,2026-07-02
A0549,Basketball,5.35,7,6.0,57,2,61,57,Low,2026-07-03
A0550,Badminton,1.11,7,6.6,75,9,96,100,Low,2026-07-04
A0551,Football,5.37,4,8.6,96,6,43,70,Low,2026-07-05
A0552,Athletics,3.64,3,5.0,62,8,57,69,Low,2026-07-06
A0553,Cricket,5.7,8,8.6,88,1,44,57,Low,2026-07-07
A0554,Athletics,4.99,5,5.6,86,5,58,95,Low,2026-07-08
A0555,Football,5.99,10,9.0,98,1,41,80,Low,2026-07-09
A0556,Hockey,2.75,7,8.8,77,10,51,99,Low,2026-07-10
A0557,Hockey,4.84,4,7.0,74,8,56,78,Low,2026-07-11
A0558,Swimming,3.01,4,7.1,65,8,49,97,Medium,2026-07-12
A0559,Hockey,3.4,8,6.9,51,1,73,58,Low,2026-07-13
A0560,Swimming,4.14,8,7.5,67,9,45,64,Low,2026-07-14
A0561,Athletics,5.37,2,5.4,66,2,47,79,High,2026-07-15
A0562,Tennis,5.92,2,5.1,79,9,100,75,Low,2026-07-16
A0563,Badminton,4.84,3,5.2,88,1,90,59,Medium,2026-07-17
A0564,Badminton,3.09,3,6.8,62,10,50,78,High,2026-07-18
A0565,Athletics,3.11,1,6.1,81,9,96,65,Low,2026-07-19
A0566,Basketball,4.69,3,7.5,99,4,51,85,Medium,2026-07-20
A0567,Basketball,2.19,6,9.0,78,9,48,69,Medium,2026-07-21
A0568,Hockey,1.55,8,6.5,95,7,41,94,Low,2026-07-22
A0569,Badminton,2.77,10,7.3,79,6,47,86,Low,2026-07-23
A0570,Badminton,2.44,6,6.7,67,5,97,71,High,2026-07-24
A0571,Swimming,2.48,5,8.4,62,9,50,56,Medium,2026-07-25
A0572,Tennis,2.17,4,8.6,92,2,99,72,Low,2026-07-26
A0573,Football,1.21,3,8.5,70,2,92,90,Low,2026-07-27
A0574,Basketball,1.09,4,8.9,79,9,75,89,Medium,2026-07-28
A0575,Badminton,5.94,7,5.1,70,3,49,78,Low,2026-07-29
A0576,Swimming,3.14,1,8.4,97,8,60,65,Low,2026-07-30
A0577,Cricket,2.92,7,8.0,66,9,59,87,Medium,2026-07-31
A0578,Swimming,4.4,1,5.9,89,8,87,77,Low,2026-08-01
A0579,Basketball,2.09,2,8.8,68,4,47,97,Low,2026-08-02
A0580,Basketball,5.75,4,5.6,64,1,75,87,Medium,2026-08-03
A0581,Swimming,4.93,1,7.7,58,4,68,80,Medium,2026-08-04
A0582,Football,1.45,9,5.9,59,9,81,63,Low,2026-08-05
A0583,Athletics,3.09,6,6.7,93,2,51,82,Low,2026-08-06
A0584,Basketball,5.4,1,7.9,80,3,100,58,Low,2026-08-07
A0585,Swimming,5.72,1,7.3,72,10,53,76,High,2026-08-08
A0586,Badminton,3.34,6,6.7,79,8,87,73,Low,2026-08-09
A0587,Swimming,4.07,4,6.3,82,6,93,62,Low,2026-08-10
A0588,Tennis,1.84,4,8.4,58,8,89,75,Low,2026-08-11
A0589,Athletics,5.96,6,5.6,96,7,60,78,Medium,2026-08-12
A0590,Cricket,2.16,7,6.7,50,5,61,100,Low,2026-08-13
A0591,Football,5.71,9,8.6,93,9,60,98,Low,2026-08-14
A0592,Hockey,4.25,10,8.4,84,4,83,92,Low,2026-08-15
A0593,Cricket,4.04,5,6.6,60,6,89,77,Medium,2026-08-16
A0594,Athletics,3.56,9,8.1,83,2,69,77,Low,2026-08-17
A0595,Athletics,2.15,4,8.3,65,2,78,57,Low,2026-08-18
A0596,Athletics,1.88,10,8.6,58,2,59,72,Low,2026-08-19
A0597,Cricket,2.1,2,7.2,81,10,63,78,Medium,2026-08-20
A0598,Badminton,1.93,3,5.8,64,7,62,54,Low,2026-08-21
A0599,Athletics,4.9,1,6.0,61,2,46,91,Low,2026-08-22
A0600,Swimming,2.75,6,6.2,82,2,48,56,Low,2026-08-23
A0601,Cricket,1.29,6,7.4,94,9,40,91,High,2026-08-24
A0602,Hockey,5.85,1,5.1,63,7,65,85,Low,2026-08-25
A0603,Athletics,5.42,3,7.5,57,3,77,90,High,2026-08-26
A0604,Swimming,5.64,5,6.5,57,3,77,76,Medium,2026-08-27
A0605,Badminton,5.97,3,6.2,76,7,93,95,Low,2026-08-28
A0606,Tennis,1.87,10,8.5,61,5,100,51,Low,2026-08-29
A0607,Badminton,2.98,3,6.8,50,10,83,74,Low,2026-08-30
A0608,Hockey,4.79,10,5.4,92,6,61,58,Low,2026-08-31
A0609,Athletics,4.48,3,8.3,89,8,83,76,Low,2026-09-01
A0610,Hockey,1.77,5,5.2,91,9,49,50,Low,2026-09-02
A0611,Cricket,5.08,5,7.9,100,1,94,72,High,2026-09-03
A0612,Basketball,2.12,4,8.1,60,3,97,59,Low,2026-09-04
A0613,Athletics,2.12,1,6.4,88,7,45,91,Medium,2026-09-05
A0614,Basketball,3.68,5,8.3,92,6,56,74,Low,2026-09-06
A0615,Swimming,3.96,10,7.1,80,7,90,52,Low,2026-09-07
A0616,Tennis,3.9,5,6.9,66,8,89,55,Medium,2026-09-08
A0617,Football,1.46,4,5.2,82,6,77,55,Low,2026-09-09
A0618,Hockey,5.39,6,6.2,81,3,63,51,Medium,2026-09-10
A0619,Badminton,2.33,10,8.7,78,2,90,67,Low,2026-09-11
A0620,Tennis,1.65,4,6.6,70,7,49,72,Low,2026-09-12
A0621,Athletics,5.44,7,7.2,70,1,95,51,Medium,2026-09-13
A0622,Basketball,5.78,7,7.1,89,3,47,61,Low,2026-09-14
A0623,Badminton,5.31,2,7.4,72,4,60,71,Low,2026-09-15
A0624,Basketball,5.05,3,5.2,55,1,95,86,High,2026-09-16
A0625,Cricket,4.28,1,6.4,71,5,45,69,Low,2026-09-17
A0626,Basketball,3.75,8,7.9,99,10,60,88,High,2026-09-18
A0627,Cricket,1.43,9,5.8,87,3,96,73,Medium,2026-09-19
A0628,Swimming,3.04,4,5.8,86,2,78,97,Medium,2026-09-20
A0629,Badminton,2.86,6,5.0,94,3,63,69,Low,2026-09-21
A0630,Badminton,2.3,9,6.7,100,8,72,50,Low,2026-09-22
A0631,Football,4.62,6,8.5,57,6,98,50,Medium,2026-09-23
A0632,Athletics,3.48,9,5.2,90,7,57,66,Low,2026-09-24
A0633,Cricket,1.41,4,5.8,98,6,95,50,Low,2026-09-25
A0634,Football,2.1,8,6.2,84,6,67,94,Low,2026-09-26
A0635,Basketball,4.42,9,7.9,100,3,96,79,Low,2026-09-27
A0636,Basketball,1.38,4,7.6,60,8,91,90,High,2026-09-28
A0637,Football,5.26,5,6.7,73,7,71,96,Medium,2026-09-29
A0638,Badminton,3.48,8,8.0,98,7,51,52,Low,2026-09-30
A0639,Basketball,3.4,10,7.4,70,6,87,95,Low,2026-10-01
A0640,Hockey,3.96,6,8.6,100,5,81,60,Medium,2026-10-02
A0641,Swimming,5.12,7,8.3,51,10,66,73,Low,2026-10-03
A0642,Swimming,2.74,3,6.0,89,8,49,71,High,2026-10-04
A0643,Hockey,4.39,7,6.1,68,5,85,93,Low,2026-10-05
A0644,Football,3.83,8,5.5,88,9,96,94,Low,2026-10-06
A0645,Hockey,2.34,10,6.3,77,9,91,75,Low,2026-10-07
A0646,Cricket,5.39,6,9.0,66,1,81,62,High,2026-10-08
A0647,Cricket,4.99,10,6.6,55,6,71,50,Low,2026-10-09
A0648,Football,4.29,9,5.9,68,7,81,73,Low,2026-10-10
A0649,Hockey,5.25,6,8.0,87,3,65,59,Low,2026-10-11
A0650,Cricket,5.34,9,7.2,77,7,64,84,Medium,2026-10-12
A0651,Badminton,4.54,4,5.6,51,7,50,73,Medium,2026-10-13
A0652,Hockey,5.19,8,6.5,87,2,62,77,Low,2026-10-14
A0653,Badminton,4.49,4,6.7,86,7,73,85,Low,2026-10-15
A0654,Cricket,4.4,2,8.0,100,1,96,65,Low,2026-10-16
A0655,Swimming,4.09,10,5.1,53,5,91,89,Low,2026-10-17
A0656,Cricket,4.76,9,6.1,71,9,79,65,Low,2026-10-18
A0657,Badminton,1.79,5,7.1,75,7,62,66,Low,2026-10-19
A0658,Tennis,5.4,4,6.1,98,7,68,100,Low,2026-10-20
A0659,Athletics,5.36,2,7.5,92,2,70,64,Low,2026-10-21
A0660,Basketball,1.15,1,6.9,85,8,46,65,Low,2026-10-22
A0661,Hockey,5.13,7,6.4,62,3,79,64,Medium,2026-10-23
A0662,Tennis,1.64,6,8.8,81,8,72,83,Low,2026-10-24
A0663,Cricket,2.68,2,7.5,66,3,60,60,Low,2026-10-25
A0664,Swimming,4.72,8,5.5,90,10,41,50,Low,2026-10-26
A0665,Football,1.8,4,7.2,85,7,57,64,Low,2026-10-27
A0666,Cricket,5.09,8,8.1,95,2,86,75,Low,2026-10-28
A0667,Swimming,5.16,7,7.8,68,4,72,100,Medium,2026-10-29
A0668,Athletics,3.54,5,5.7,84,6,76,53,Low,2026-10-30
A0669,Cricket,1.03,10,8.9,95,9,73,92,Low,2026-10-31
A0670,Badminton,2.44,10,6.8,89,5,59,54,Low,2026-11-01
A0671,Football,4.08,8,5.6,77,9,74,84,Medium,2026-11-02
A0672,Swimming,5.91,9,5.7,50,5,90,62,Low,2026-11-03
A0673,Swimming,4.16,5,5.4,91,10,89,59,Low,2026-11-04
A0674,Swimming,2.3,10,8.2,67,8,100,60,Low,2026-11-05
A0675,Athletics,4.17,5,5.5,97,1,93,67,Low,2026-11-06
A0676,Cricket,3.7,2,5.5,89,7,57,83,High,2026-11-07
A0677,Athletics,4.9,5,8.4,82,4,85,88,Medium,2026-11-08
A0678,Hockey,1.53,3,6.4,61,5,63,90,Low,2026-11-09
A0679,Basketball,4.81,7,5.1,57,6,47,91,Low,2026-11-10
A0680,Basketball,3.71,10,5.2,73,5,100,99,High,2026-11-11
A0681,Hockey,5.81,5,5.6,65,1,69,72,Low,2026-11-12
A0682,Cricket,2.71,8,5.9,99,9,83,56,Low,2026-11-13
A0683,Badminton,4.16,1,7.7,53,2,92,88,High,2026-11-14
A0684,Athletics,5.66,3,5.6,87,9,49,52,Medium,2026-11-15
A0685,Football,1.51,3,5.5,93,10,62,61,Low,2026-11-16
A0686,Swimming,5.69,9,8.1,76,2,91,56,Low,2026-11-17
A0687,Swimming,4.44,5,7.7,58,9,88,98,Low,2026-11-18
A0688,Cricket,1.34,9,6.7,96,6,50,75,Medium,2026-11-19
A0689,Badminton,2.5,9,7.2,65,9,41,82,Low,2026-11-20
A0690,Basketball,4.54,1,6.2,61,6,97,86,Low,2026-11-21
A0691,Basketball,1.34,2,6.9,80,6,65,97,Low,2026-11-22
A0692,Swimming,3.91,5,7.0,73,2,75,64,Low,2026-11-23
A0693,Cricket,2.73,4,6.5,63,8,72,51,Low,2026-11-24
A0694,Athletics,4.1,10,8.6,94,3,86,90,Low,2026-11-25
A0695,Basketball,1.23,9,5.1,74,7,52,56,Low,2026-11-26
A0696,Athletics,5.36,7,8.1,83,5,79,81,Low,2026-11-27
A0697,Badminton,5.87,6,5.5,52,3,64,53,High,2026-11-28
A0698,Basketball,5.84,7,8.2,73,1,43,69,Low,2026-11-29
A0699,Basketball,4.75,1,7.5,91,8,81,99,Medium,2026-11-30
A0700,Tennis,1.65,1,8.4,58,3,58,85,High,2026-12-01
A0701,Basketball,4.79,8,5.4,75,2,57,81,Low,2026-12-02
A0702,Hockey,1.12,2,7.2,69,1,76,77,Low,2026-12-03
A0703,Football,1.11,10,7.0,89,4,69,62,High,2026-12-04
A0704,Hockey,2.62,9,7.8,59,8,58,50,Low,2026-12-05
A0705,Cricket,3.44,7,7.1,68,3,97,84,Low,2026-12-06
A0706,Cricket,4.85,6,7.2,52,1,62,97,Low,2026-12-07
A0707,Athletics,4.42,1,6.7,73,4,98,79,Low,2026-12-08
A0708,Hockey,3.23,1,6.2,54,9,93,85,Medium,2026-12-09
A0709,Hockey,2.37,2,6.9,52,1,55,74,Medium,2026-12-10
A0710,Hockey,5.99,6,5.5,76,2,40,65,Medium,2026-12-11
A0711,Badminton,3.13,6,8.8,65,9,51,68,Low,2026-12-12
A0712,Basketball,3.26,2,7.9,98,2,63,50,Low,2026-12-13
A0713,Football,1.82,1,8.8,64,3,73,54,Low,2026-12-14
A0714,Athletics,4.97,10,5.9,84,7,92,100,Low,2026-12-15
A0715,Hockey,4.47,5,8.5,61,3,96,71,Low,2026-12-16
A0716,Hockey,2.1,5,8.2,90,9,47,73,Low,2026-12-17
A0717,Tennis,1.41,2,7.7,93,6,57,92,Low,2026-12-18
A0718,Athletics,4.4,6,7.5,75,3,96,94,Low,2026-12-19
A0719,Hockey,4.27,9,6.3,96,9,87,86,Low,2026-12-20
A0720,Athletics,2.37,2,8.3,83,1,44,85,Low,2026-12-21
A0721,Basketball,5.75,10,7.0,72,10,65,85,Low,2026-12-22
A0722,Tennis,1.76,2,5.3,80,3,69,53,Low,2026-12-23
A0723,Athletics,3.16,3,6.3,99,1,93,85,Low,2026-12-24
A0724,Football,5.72,7,8.7,69,2,52,67,Medium,2026-12-25
A0725,Football,3.1,6,8.4,61,8,58,99,Medium,2026-12-26
A0726,Cricket,4.19,8,8.9,72,7,68,65,High,2026-12-27
A0727,Tennis,2.99,8,7.5,53,2,42,90,Low,2026-12-28
A0728,Tennis,2.37,6,6.0,72,2,65,67,Low,2026-12-29
A0729,Cricket,5.92,10,5.7,97,9,79,71,Low,2026-12-30
A0730,Athletics,3.05,3,5.7,97,6,98,51,Medium,2026-12-31
A0731,Tennis,5.47,3,5.1,50,5,97,70,Low,2027-01-01
A0732,Football,2.15,1,6.6,74,10,97,85,Medium,2027-01-02
A0733,Football,2.07,7,5.8,51,6,51,93,Low,2027-01-03
A0734,Hockey,1.16,5,6.6,79,9,41,88,High,2027-01-04
A0735,Basketball,4.26,4,8.7,52,7,50,96,High,2027-01-05
A0736,Tennis,2.84,10,6.7,70,10,83,88,Low,2027-01-06
A0737,Athletics,5.32,4,8.5,74,10,67,78,Low,2027-01-07
A0738,Cricket,3.37,4,7.4,69,9,57,75,Low,2027-01-08
A0739,Cricket,5.84,6,6.0,98,4,52,70,Low,2027-01-09
A0740,Athletics,1.93,8,6.4,71,2,76,66,Low,2027-01-10
A0741,Badminton,5.34,8,5.3,70,8,61,65,Low,2027-01-11
A0742,Swimming,4.88,5,6.3,82,4,51,80,Low,2027-01-12
A0743,Basketball,4.85,6,7.7,87,9,41,100,Low,2027-01-13
A0744,Cricket,5.22,4,5.3,64,4,76,58,Low,2027-01-14
A0745,Tennis,4.81,9,5.8,95,8,46,80,Low,2027-01-15
A0746,Basketball,4.13,8,6.5,64,9,65,63,Low,2027-01-16
A0747,Tennis,1.66,10,8.9,95,9,65,98,Low,2027-01-17
A0748,Badminton,1.16,10,8.1,74,10,63,86,Medium,2027-01-18
A0749,Football,5.6,1,7.9,70,4,51,51,Low,2027-01-19
A0750,Basketball,4.08,2,5.5,73,1,55,97,Medium,2027-01-20
A0751,Hockey,4.98,9,8.1,54,3,62,95,Low,2027-01-21
A0752,Cricket,3.41,8,8.1,55,9,79,63,Low,2027-01-22
A0753,Basketball,1.59,3,7.4,98,4,99,82,Low,2027-01-23
A0754,Basketball,1.63,8,9.0,92,5,48,84,Low,2027-01-24
A0755,Basketball,4.43,1,6.3,97,7,71,88,Low,2027-01-25
A0756,Swimming,3.15,10,8.8,93,5,54,96,Low,2027-01-26
A0757,Basketball,2.0,4,8.7,96,4,76,100,Low,2027-01-27
A0758,Tennis,3.46,3,5.0,72,2,52,69,Low,2027-01-28
A0759,Football,1.32,6,6.8,53,2,44,51,Low,2027-01-29
A0760,Badminton,3.91,7,8.9,76,4,50,100,Medium,2027-01-30
A0761,Athletics,2.34,4,5.4,67,10,49,90,Low,2027-01-31
A0762,Basketball,4.99,7,7.2,70,10,91,68,Low,2027-02-01
A0763,Cricket,2.55,9,8.9,77,9,52,86,Medium,2027-02-02
A0764,Basketball,3.28,2,7.2,84,8,80,67,Low,2027-02-03
A0765,Cricket,1.06,3,5.8,71,3,92,65,Medium,2027-02-04
A0766,Tennis,1.36,5,7.3,89,9,85,53,Low,2027-02-05
A0767,Cricket,2.96,3,5.8,72,5,89,61,Low,2027-02-06
A0768,Hockey,3.4,8,7.1,52,3,54,78,High,2027-02-07
A0769,Athletics,4.0,10,5.3,89,5,81,56,Low,2027-02-08
A0770,Football,2.46,8,7.4,99,10,95,63,Medium,2027-02-09
A0771,Cricket,4.47,8,7.1,59,4,46,61,Low,2027-02-10
A0772,Cricket,5.3,9,8.0,74,8,79,84,Low,2027-02-11
A0773,Football,4.9,4,7.5,98,5,67,54,Medium,2027-02-12
A0774,Athletics,1.2,5,7.2,57,10,71,66,Low,2027-02-13
A0775,Basketball,3.4,5,7.8,60,8,74,91,Medium,2027-02-14
A0776,Cricket,1.52,8,5.6,54,9,54,81,Low,2027-02-15
A0777,Football,2.21,7,7.4,94,4,87,59,Low,2027-02-16
A0778,Hockey,5.93,9,5.7,86,7,75,92,Low,2027-02-17
A0779,Hockey,1.71,8,8.7,94,2,60,66,Medium,2027-02-18
A0780,Tennis,3.49,2,5.3,87,6,45,54,Low,2027-02-19
A0781,Football,4.09,10,6.7,78,8,40,94,Low,2027-02-20
A0782,Tennis,4.51,4,7.8,54,7,43,91,Medium,2027-02-21
A0783,Hockey,3.8,6,6.8,58,7,50,58,Medium,2027-02-22
A0784,Athletics,1.05,2,5.4,97,8,83,98,Low,2027-02-23
A0785,Basketball,2.63,7,7.2,51,7,65,82,Low,2027-02-24
A0786,Football,3.59,3,7.6,50,5,100,85,Low,2027-02-25
A0787,Badminton,1.44,3,7.8,89,7,76,85,Low,2027-02-26
A0788,Hockey,2.75,2,6.5,100,10,62,67,Low,2027-02-27
A0789,Hockey,1.17,8,7.3,79,3,68,58,Low,2027-02-28
A0790,Badminton,1.39,6,6.8,60,5,60,78,Low,2027-03-01
A0791,Swimming,2.98,1,7.7,77,7,87,99,Medium,2027-03-02
A0792,Hockey,1.66,1,7.3,93,9,84,63,Medium,2027-03-03
A0793,Cricket,3.84,7,7.1,61,2,84,74,Low,2027-03-04
A0794,Athletics,4.45,8,6.0,88,4,88,64,Low,2027-03-05
A0795,Football,5.0,5,5.0,75,7,66,55,Low,2027-03-06
A0796,Badminton,2.0,5,5.7,62,1,78,91,Low,2027-03-07
A0797,Cricket,1.84,4,5.5,57,2,79,78,Medium,2027-03-08
A0798,Badminton,1.52,6,6.8,77,9,52,64,Low,2027-03-09
A0799,Football,4.18,6,7.4,79,10,62,78,Low,2027-03-10
A0800,Tennis,4.53,3,5.9,58,7,98,53,Low,2027-03-11
A0801,Football,1.16,9,8.8,88,10,55,67,Low,2027-03-12
A0802,Swimming,5.68,7,5.0,80,7,69,99,Low,2027-03-13
A0803,Football,1.26,1,8.1,70,6,100,98,Low,2027-03-14
A0804,Football,3.71,7,7.5,96,3,43,93,Low,2027-03-15
A0805,Swimming,4.55,5,6.5,83,10,79,88,Low,2027-03-16
A0806,Athletics,5.35,5,5.2,80,3,55,65,Medium,2027-03-17
A0807,Hockey,4.57,2,7.5,74,2,70,60,Medium,2027-03-18
A0808,Football,5.01,4,6.5,61,6,92,63,Low,2027-03-19
A0809,Swimming,2.7,6,8.7,50,4,81,52,Low,2027-03-20
A0810,Cricket,5.07,10,7.2,71,5,64,100,Low,2027-03-21
A0811,Tennis,1.4,7,8.8,89,3,83,99,Low,2027-03-22
A0812,Tennis,5.47,5,5.9,86,6,51,91,Low,2027-03-23
A0813,Football,3.74,9,7.9,96,3,65,87,Low,2027-03-24
A0814,Athletics,5.09,3,7.5,50,8,76,94,Low,2027-03-25
A0815,Athletics,3.26,1,8.0,50,9,87,91,Low,2027-03-26
A0816,Cricket,4.22,4,5.9,91,4,72,67,Low,2027-03-27
A0817,Football,3.63,9,7.7,91,9,67,69,Low,2027-03-28
A0818,Tennis,4.66,4,7.0,70,7,48,97,Medium,2027-03-29
A0819,Athletics,1.41,2,8.0,64,3,51,74,Low,2027-03-30
A0820,Football,1.3,10,6.3,66,7,44,87,Low,2027-03-31
A0821,Badminton,2.24,5,8.6,71,1,93,62,Low,2027-04-01
A0822,Athletics,1.8,3,5.3,87,3,91,53,Medium,2027-04-02
A0823,Swimming,5.36,9,8.2,84,6,93,63,Medium,2027-04-03
A0824,Badminton,2.1,4,8.4,94,4,67,82,Medium,2027-04-04
A0825,Hockey,5.88,6,8.3,65,7,95,77,Low,2027-04-05
A0826,Athletics,2.68,2,7.1,57,3,74,86,Low,2027-04-06
A0827,Tennis,1.91,6,6.8,96,1,44,57,Medium,2027-04-07
A0828,Basketball,4.95,3,9.0,66,9,73,93,Low,2027-04-08
A0829,Badminton,4.29,9,5.9,66,6,85,83,Low,2027-04-09
A0830,Hockey,3.49,2,7.2,75,8,73,93,Medium,2027-04-10
A0831,Cricket,3.78,9,7.7,62,3,52,54,Low,2027-04-11
A0832,Cricket,4.6,5,7.8,66,8,78,54,Low,2027-04-12
A0833,Tennis,2.14,8,5.8,87,2,81,80,Low,2027-04-13
A0834,Athletics,5.98,2,7.6,66,4,84,94,Low,2027-04-14
A0835,Football,5.87,6,8.3,97,3,87,58,Low,2027-04-15
A0836,Athletics,4.25,3,5.2,63,10,97,91,Low,2027-04-16
A0837,Tennis,2.0,10,8.6,94,1,53,81,Medium,2027-04-17
A0838,Cricket,4.4,5,5.1,55,7,50,82,Low,2027-04-18
A0839,Athletics,1.36,8,6.4,84,10,81,52,Medium,2027-04-19
A0840,Cricket,1.15,10,5.1,95,2,77,79,Low,2027-04-20
A0841,Badminton,2.29,1,5.3,63,4,43,99,Low,2027-04-21
A0842,Hockey,3.31,5,8.6,96,9,92,61,Medium,2027-04-22
A0843,Football,5.34,3,6.4,57,6,72,78,Medium,2027-04-23
A0844,Badminton,4.64,4,6.7,64,8,46,52,Low,2027-04-24
A0845,Cricket,4.71,2,5.9,76,2,95,75,Medium,2027-04-25
A0846,Cricket,3.13,9,7.4,62,7,80,79,Medium,2027-04-26
A0847,Basketball,2.73,3,7.4,98,6,47,58,Medium,2027-04-27
A0848,Basketball,2.86,2,6.5,80,9,76,75,Low,2027-04-28
A0849,Badminton,5.94,10,6.3,84,7,90,51,Medium,2027-04-29
A0850,Swimming,1.2,9,8.5,55,1,49,52,High,2027-04-30
A0851,Badminton,5.34,7,6.5,54,8,82,95,Medium,2027-05-01
A0852,Basketball,3.89,6,7.0,71,10,96,53,Low,2027-05-02
A0853,Cricket,3.19,1,6.1,98,3,54,74,Low,2027-05-03
A0854,Tennis,4.63,5,8.1,72,2,77,100,Low,2027-05-04
A0855,Badminton,3.43,3,6.6,74,3,54,62,Low,2027-05-05
A0856,Cricket,5.37,1,7.1,83,6,44,88,High,2027-05-06
A0857,Tennis,5.5,4,6.0,75,3,68,93,Low,2027-05-07
A0858,Tennis,3.11,2,9.0,96,10,58,84,Low,2027-05-08
A0859,Basketball,2.38,2,6.2,54,5,93,72,High,2027-05-09
A0860,Badminton,3.96,3,8.1,75,6,90,58,Low,2027-05-10
A0861,Athletics,5.56,8,6.7,69,8,49,51,Low,2027-05-11
A0862,Football,2.05,8,5.8,55,7,51,90,Low,2027-05-12
A0863,Basketball,4.11,7,8.2,55,8,93,93,Low,2027-05-13
A0864,Basketball,4.16,6,6.3,99,3,43,80,Low,2027-05-14
A0865,Athletics,4.67,9,8.5,67,4,70,93,High,2027-05-15
A0866,Football,1.66,4,8.7,53,6,57,96,Low,2027-05-16
A0867,Cricket,4.58,1,8.4,66,7,55,51,Low,2027-05-17
A0868,Swimming,5.55,8,5.1,63,9,79,81,Low,2027-05-18
A0869,Badminton,1.9,7,8.1,63,1,75,67,Low,2027-05-19
A0870,Swimming,2.19,7,6.6,62,8,64,62,Low,2027-05-20
A0871,Cricket,5.86,3,8.5,56,8,62,95,Low,2027-05-21
A0872,Hockey,1.9,4,7.6,93,6,51,54,Low,2027-05-22
A0873,Basketball,5.27,10,8.3,64,4,73,91,Medium,2027-05-23
A0874,Football,3.46,9,7.0,68,3,75,93,Low,2027-05-24
A0875,Basketball,2.24,6,7.1,92,3,76,59,Low,2027-05-25
A0876,Tennis,5.35,5,5.6,96,6,42,92,Medium,2027-05-26
A0877,Basketball,3.23,3,8.1,93,8,48,74,Low,2027-05-27
A0878,Basketball,3.57,9,6.7,84,7,100,83,Low,2027-05-28
A0879,Cricket,2.8,5,7.0,66,1,92,86,Low,2027-05-29
A0880,Cricket,3.96,5,8.1,84,6,57,79,Low,2027-05-30
A0881,Cricket,1.82,4,7.4,68,7,82,56,Low,2027-05-31
A0882,Swimming,2.96,4,5.8,69,7,74,55,Low,2027-06-01
A0883,Tennis,5.85,1,7.4,85,9,96,52,Low,2027-06-02
A0884,Hockey,2.29,7,6.6,84,10,94,62,Low,2027-06-03
A0885,Hockey,4.28,9,6.9,81,5,73,52,Low,2027-06-04
A0886,Cricket,2.63,3,5.1,97,1,80,75,Low,2027-06-05
A0887,Football,4.87,2,5.8,93,2,53,73,Medium,2027-06-06
A0888,Swimming,1.65,3,6.1,89,4,43,55,High,2027-06-07
A0889,Athletics,5.85,1,7.9,73,5,68,92,Medium,2027-06-08
A0890,Football,3.27,6,5.0,66,9,80,98,Low,2027-06-09
A0891,Badminton,2.18,7,6.6,56,1,84,91,Low,2027-06-10
A0892,Badminton,1.37,2,8.7,92,3,89,61,Low,2027-06-11
A0893,Football,1.85,8,5.4,99,5,54,98,Low,2027-06-12
A0894,Cricket,3.6,6,7.1,50,3,67,85,Low,2027-06-13
A0895,Athletics,2.69,4,8.1,84,4,81,51,Low,2027-06-14
A0896,Athletics,5.14,5,8.8,81,3,55,60,Low,2027-06-15
A0897,Swimming,3.15,8,8.0,85,4,51,88,Low,2027-06-16
A0898,Athletics,2.24,3,7.9,62,1,91,83,High,2027-06-17
A0899,Badminton,4.09,3,8.3,55,8,44,75,Low,2027-06-18
A0900,Tennis,4.53,4,6.8,63,4,73,67,Low,2027-06-19
A0901,Cricket,1.84,1,8.2,86,7,81,70,Low,2027-06-20
A0902,Athletics,1.84,9,5.0,97,2,40,85,Low,2027-06-21
A0903,Swimming,1.18,8,8.7,64,2,78,89,Low,2027-06-22
A0904,Badminton,4.68,8,6.8,96,6,71,95,Low,2027-06-23
A0905,Tennis,4.32,10,7.2,53,2,65,93,Low,2027-06-24
A0906,Basketball,3.37,6,6.0,89,6,56,71,Medium,2027-06-25
A0907,Basketball,5.22,7,8.0,65,2,87,79,Medium,2027-06-26
A0908,Tennis,5.03,6,5.3,77,4,98,99,High,2027-06-27
A0909,Badminton,3.93,9,8.5,65,7,66,92,Medium,2027-06-28
A0910,Swimming,5.34,3,8.3,53,8,63,79,Low,2027-06-29
A0911,Tennis,2.03,3,5.9,94,3,74,57,Low,2027-06-30
A0912,Cricket,1.56,3,8.2,75,9,85,83,Low,2027-07-01
A0913,Cricket,2.35,10,8.1,77,2,81,96,Low,2027-07-02
A0914,Basketball,1.29,3,7.5,81,8,93,58,Low,2027-07-03
A0915,Athletics,3.66,9,6.5,94,8,78,100,Medium,2027-07-04
A0916,Swimming,5.68,4,6.1,51,4,65,69,Low,2027-07-05
A0917,Basketball,1.2,7,5.9,80,1,88,89,Low,2027-07-06
A0918,Athletics,1.61,9,6.3,52,1,77,74,Low,2027-07-07
A0919,Athletics,3.26,7,8.6,57,2,62,68,High,2027-07-08
A0920,Hockey,5.67,9,5.3,73,9,61,54,Low,2027-07-09
A0921,Cricket,2.58,3,8.3,64,2,43,60,Medium,2027-07-10
A0922,Badminton,3.54,4,6.4,92,2,88,64,Medium,2027-07-11
A0923,Football,1.21,8,7.1,80,6,98,57,High,2027-07-12
A0924,Badminton,1.74,6,8.2,58,7,48,68,Medium,2027-07-13
A0925,Football,5.93,5,8.5,88,7,43,72,Medium,2027-07-14
A0926,Tennis,5.83,4,6.4,94,9,46,76,Low,2027-07-15
A0927,Cricket,1.02,8,6.8,51,6,62,89,Low,2027-07-16
A0928,Athletics,5.76,1,6.7,57,8,41,81,Low,2027-07-17
A0929,Swimming,4.2,9,5.1,56,6,88,75,Low,2027-07-18
A0930,Football,5.34,1,6.2,93,2,63,76,High,2027-07-19
A0931,Badminton,3.27,8,6.8,100,1,79,68,Low,2027-07-20
A0932,Athletics,3.58,4,6.6,88,5,94,99,Medium,2027-07-21
A0933,Football,3.44,9,7.9,91,9,70,91,Low,2027-07-22
A0934,Football,4.33,5,6.5,65,8,86,78,Low,2027-07-23
A0935,Hockey,1.7,3,7.0,84,4,70,88,High,2027-07-24
A0936,Football,1.15,9,6.7,79,5,86,90,Low,2027-07-25
A0937,Swimming,2.54,9,8.0,59,5,79,82,Low,2027-07-26
A0938,Cricket,4.52,4,8.5,87,6,87,68,Low,2027-07-27
A0939,Swimming,2.01,4,7.1,67,3,90,86,Low,2027-07-28
A0940,Basketball,4.37,8,8.2,99,5,82,68,Low,2027-07-29
A0941,Athletics,5.85,2,6.2,54,2,73,82,Low,2027-07-30
A0942,Cricket,1.47,9,7.2,78,10,94,96,Low,2027-07-31
A0943,Hockey,4.36,6,6.4,88,1,63,65,Medium,2027-08-01
A0944,Cricket,3.22,9,6.7,83,1,88,72,Medium,2027-08-02
A0945,Cricket,5.34,8,7.9,92,10,99,56,Low,2027-08-03
A0946,Badminton,1.89,7,8.5,94,7,65,75,Low,2027-08-04
A0947,Cricket,4.46,1,5.5,72,2,55,81,Medium,2027-08-05
A0948,Hockey,5.19,3,7.5,54,4,96,61,Low,2027-08-06
A0949,Swimming,5.72,2,7.3,79,5,86,57,Low,2027-08-07
A0950,Cricket,4.42,5,5.5,55,7,52,54,Low,2027-08-08
A0951,Tennis,3.49,5,5.8,95,2,54,91,Medium,2027-08-09
A0952,Athletics,4.09,5,6.2,93,6,66,77,Low,2027-08-10
A0953,Cricket,5.34,4,5.7,53,1,43,54,Low,2027-08-11
A0954,Athletics,3.85,5,6.0,78,7,55,98,Low,2027-08-12
A0955,Tennis,1.15,3,6.1,72,9,69,75,Low,2027-08-13
A0956,Tennis,5.65,1,6.3,55,5,83,54,Low,2027-08-14
A0957,Athletics,4.45,5,8.0,81,5,69,71,Low,2027-08-15
A0958,Football,4.38,9,7.3,91,4,75,64,Medium,2027-08-16
A0959,Basketball,2.08,9,8.9,67,3,42,62,High,2027-08-17
A0960,Badminton,4.29,4,6.7,64,9,61,77,Low,2027-08-18
A0961,Football,2.97,3,8.0,89,5,88,82,Low,2027-08-19
A0962,Football,4.26,1,8.5,81,8,61,92,Low,2027-08-20
A0963,Swimming,1.53,2,7.7,58,9,89,72,Medium,2027-08-21
A0964,Badminton,4.29,8,6.6,86,5,96,82,Medium,2027-08-22
A0965,Badminton,6.0,1,8.0,59,10,89,92,Low,2027-08-23
A0966,Football,1.24,8,5.8,69,9,94,67,Low,2027-08-24
A0967,Cricket,5.89,7,6.3,55,2,99,99,Medium,2027-08-25
A0968,Swimming,3.03,8,7.2,97,9,88,79,Low,2027-08-26
A0969,Swimming,5.35,6,7.3,52,4,51,75,Low,2027-08-27
A0970,Tennis,4.91,9,5.1,91,6,94,65,Low,2027-08-28
A0971,Hockey,3.84,3,8.8,60,6,60,62,Low,2027-08-29
A0972,Badminton,4.69,10,7.8,92,6,95,88,Low,2027-08-30
A0973,Football,5.39,4,7.0,66,2,43,82,Medium,2027-08-31
A0974,Tennis,3.02,6,8.7,81,7,70,75,Low,2027-09-01
A0975,Athletics,2.64,8,6.8,53,6,83,97,Low,2027-09-02
A0976,Basketball,4.34,5,8.9,53,1,70,50,Low,2027-09-03
A0977,Hockey,5.04,3,7.0,66,2,97,98,Low,2027-09-04
A0978,Hockey,4.81,6,5.5,90,7,62,87,Low,2027-09-05
A0979,Hockey,4.99,4,8.1,68,1,93,51,Low,2027-09-06
A0980,Swimming,3.18,9,7.7,54,1,92,98,Medium,2027-09-07
A0981,Athletics,5.09,3,8.1,81,1,59,55,Low,2027-09-08
A0982,Hockey,1.6,4,8.8,71,8,54,95,Low,2027-09-09
A0983,Athletics,3.72,7,8.1,55,4,62,99,Low,2027-09-10
A0984,Cricket,1.03,7,7.4,84,4,67,87,Low,2027-09-11
A0985,Hockey,2.62,4,8.4,71,2,55,91,Medium,2027-09-12
A0986,Basketball,2.83,6,7.7,50,1,76,73,Low,2027-09-13
A0987,Athletics,2.98,3,6.6,69,10,60,67,High,2027-09-14
A0988,Athletics,4.48,6,8.5,71,9,54,76,Low,2027-09-15
A0989,Basketball,2.94,2,5.9,97,7,56,90,Medium,2027-09-16
A0990,Hockey,3.24,8,7.9,60,4,89,57,Low,2027-09-17
A0991,Basketball,2.19,2,8.5,62,6,76,77,Low,2027-09-18
A0992,Athletics,2.87,7,7.9,91,2,52,59,Low,2027-09-19
A0993,Basketball,2.14,9,7.8,52,7,58,66,Low,2027-09-20
A0994,Athletics,1.37,1,8.0,58,2,69,78,Medium,2027-09-21
A0995,Athletics,4.02,8,6.9,61,10,84,55,Medium,2027-09-22
A0996,Cricket,4.34,7,8.5,72,8,57,63,Low,2027-09-23
A0997,Football,4.1,6,5.8,63,8,53,71,Low,2027-09-24
A0998,Athletics,3.32,6,5.5,82,1,75,55,Low,2027-09-25
A0999,Hockey,2.9,6,6.1,67,8,75,75,Medium,2027-09-26
A1000,Tennis,5.32,9,7.1,98,2,59,88,Low,2027-09-27
